{"cameraMode":{"drawMode":0,"name":"Shaded","section":"Shading Mode"},"sceneLighting":false,"audioPlay":false,"sceneViewState":{"m_AlwaysRefresh":false,"showFog":true,"showSkybox":false,"showFlares":true,"showImageEffects":true,"showParticleSystems":true,"showVisualEffectGraphs":true,"m_FxEnabled":true},"in2DMode":false,"pivot":{"x":-725.8452758789063,"y":0.03907757252454758,"z":357.9429016113281},"rotation":{"x":-0.08123074471950531,"y":0.26317426562309267,"z":-0.022209880873560907,"w":-0.9610958695411682},"size":0.1670098900794983,"orthographic":false}