{"cameraMode":{"drawMode":0,"name":"Shaded","section":"Shading Mode"},"sceneLighting":true,"audioPlay":false,"sceneViewState":{"m_AlwaysRefresh":false,"showFog":true,"showSkybox":true,"showFlares":true,"showImageEffects":true,"showParticleSystems":true,"showVisualEffectGraphs":true,"m_FxEnabled":true},"in2DMode":false,"pivot":{"x":2.2965452671051027,"y":3.6848666667938234,"z":-38.13514709472656},"rotation":{"x":0.03466126695275307,"y":0.08565576374530792,"z":0.01482823770493269,"w":0.9959307312965393},"size":2.3057711124420168,"orthographic":false}