{"cameraMode":{"drawMode":0,"name":"Shaded","section":"Shading Mode"},"sceneLighting":false,"audioPlay":false,"sceneViewState":{"m_AlwaysRefresh":false,"showFog":true,"showSkybox":false,"showFlares":true,"showImageEffects":true,"showParticleSystems":true,"showVisualEffectGraphs":true,"m_FxEnabled":false},"in2DMode":false,"pivot":{"x":3.5349998474121095,"y":0.07000002264976502,"z":1.4500000476837159},"rotation":{"x":0.059342753142118457,"y":0.9497896432876587,"z":-0.2732488214969635,"w":0.1411478966474533},"size":2.370227098464966,"orthographic":false}