{"cameraMode":{"drawMode":0,"name":"Shaded","section":"Shading Mode"},"sceneLighting":false,"audioPlay":false,"sceneViewState":{"m_AlwaysRefresh":false,"showFog":true,"showSkybox":false,"showFlares":true,"showImageEffects":true,"showParticleSystems":true,"showVisualEffectGraphs":true,"m_FxEnabled":true},"in2DMode":false,"pivot":{"x":-0.08033610880374909,"y":0.09623145312070847,"z":0.18438804149627686},"rotation":{"x":-0.0014821052318438888,"y":0.049435559660196307,"z":-0.017934000119566919,"w":-0.9987187385559082},"size":0.3094348907470703,"orthographic":false}